<?xml version="1.0" ?>
<parameters>
	<!-- Time is in seconds -->
	<time t="120"></time> 
<!--   <environment maxRange="20.0" fieldOfView="30.0" update="0.1"></environment> -->
	<!-- <vehicle1 x="-200.0" y="0.0" theta="0.0" HW="29.0" WB = "0.40" WR = "0.125" LWC="0.0055" RWC="0.0055" FOV="30.0" MR="20.0"></vehicle1> -->
	<vehicle1 x="-200.0" y="0.0" theta="0.0" HW="29.0" WB = "300.0" WR = "0.075" LWC="0.0055" RWC="0.0055" FOV="30.0" MR="20.0"></vehicle1>
	<vehicle2 x="200.0" y="0.0" theta="180.0" HW="29.0" WB = "300.0" WR = "0.075" LWC="0.0055" RWC="0.0055" FOV="30.0" MR="20.0"></vehicle2>
	<!-- <vehicle2 x="275.0" y="0.0" theta="0.0" HW="50.0" LWC="0.55" RWC="0.55" FOV="30.0" MR="20.0"></vehicle2> -->
	<!--<random number="10" minX="-250.0" maxX="250.0" minY="-100.0" maxY="100.0"></random>-->
<!--   <line a="0.0" b="1.0" c="100" minX="-100.0" maxX="100.0" minY="-120.0" maxY="120.0"></line>
  <line a="0.0" b="1.0" c="-100" minX="-100.0" maxX="100.0" minY="-120.0" maxY="120.0"></line>
  <line a="1.0" b="0.0" c="-100" minX="-120.0" maxX="120.0" minY="-100.0" maxY="100.0"></line>
  <line a="1.0" b="0.0" c="100" minX="-120.0" maxX="120.0" minY="-100.0" maxY="100.0"></line> -->
	<line a="0.0" b="1.0" c="115" minX="-275.0" maxX="275.0" minY="-120.0" maxY="120.0"></line>
	<line a="0.0" b="1.0" c="-115" minX="-275.0" maxX="275.0" minY="-120.0" maxY="120.0"></line>
	<line a="1.0" b="0.0" c="-275" minX="-280.0" maxX="280.0" minY="-115.0" maxY="115.0"></line>
	<line a="1.0" b="0.0" c="275" minX="-280.0" maxX="280.0" minY="-115.0" maxY="115.0"></line>
</parameters>




